rating,review_text
5,"These shoes are incredibly comfortable! I wear them all day at work and my feet don't hurt at all. The cushioning is perfect and they look professional too."
4,"Good quality shoes for the price. They fit true to size and are comfortable for walking. The only downside is they took a few days to break in."
5,"Best running shoes I've ever owned! The support is amazing and they're so lightweight. I've run over 100 miles in them and they still look new."
3,"They're okay. Comfortable enough but the color wasn't exactly as shown in the pictures. They work fine for everyday wear though."
2,"Disappointed with the quality. The sole started separating after just two weeks of normal wear. Expected better for this price."
5,"Love these! Super stylish and go with everything in my wardrobe. Plus they're surprisingly comfortable for how good they look."
4,"Great shoes for the gym. Good ankle support and grip. They run a bit small though, so I'd recommend ordering half a size up."
5,"Perfect work shoes. I'm on my feet 8+ hours a day and these provide excellent support. Worth every penny!"
1,"Terrible fit. Ordered my usual size but they were way too narrow. Had to return them. Very frustrating experience."
4,"Nice casual shoes. Comfortable for walking around the city. The material seems durable and they clean up easily."
5,"These exceeded my expectations! The arch support is fantastic and they're stylish enough to wear out. Highly recommend!"
3,"Average shoes. Nothing special but nothing terrible either. They do the job for basic everyday wear."
5,"I bought these for my daily commute and they're perfect. Comfortable, durable, and professional looking. Very happy with this purchase."
4,"Good value for money. They're comfortable and well-made. The design is simple but classic. Would buy again."
2,"Not impressed. They looked great online but in person the quality seems cheap. The stitching is already coming loose."
5,"Amazing shoes! I have plantar fasciitis and these provide the support I need. No more foot pain after long days!"
4,"Really like these shoes. They're comfortable and versatile. Only complaint is they attract dirt easily and are hard to clean."
5,"Perfect fit! I have wide feet and these are one of the few shoes that don't pinch. Super comfortable and stylish too."
3,"They're decent. Comfortable for short periods but my feet start hurting after a few hours. Probably better for occasional wear."
4,"Great looking shoes and comfortable too. I've gotten lots of compliments. They run slightly large so keep that in mind."
5,"Best purchase I've made in a while! These shoes are comfortable, durable, and look great. I wear them almost every day."
2,"The sizing is way off. I ordered my normal size and they were huge. Also the material feels cheaper than expected."
4,"Solid shoes for everyday wear. Comfortable and well-constructed. The price point is very reasonable for the quality."
5,"I'm a nurse and on my feet all day. These shoes have been a lifesaver! No more back pain or sore feet. Absolutely love them!"
3,"They're fine for the price. Not the most comfortable shoes I've owned but they work for running errands and casual wear."
5,"Fantastic shoes! The cushioning is incredible and they provide great support. I've recommended them to all my friends."
4,"Very comfortable and true to size. The style is versatile enough to wear with jeans or dress pants. Happy with this purchase."
1,"Worst shoes I've ever bought. Uncomfortable, poor quality, and they fell apart within a month. Complete waste of money."
5,"These are my new favorite shoes! Comfortable from day one, no break-in period needed. The quality is outstanding."
4,"Good shoes overall. Comfortable for walking and standing. The design is nice and they seem well-made. Would recommend."
